Code,Indicator_name
DM_BRTS,Number of births (expressed in thousands)
DM_POP_URBN,Urban population as a percentage of the total population
DM_POP_TOT_AGE,Total population by age (expressed in thousands)
DM_POP_NETM,Net migration (expressed as thousands)
FT_WHS_PBR,Preterm birth rate (per 100 live births)
DM_FRATE_TOT,Total fertility rate (average live births per woman aged 15-49)
FT_SP_DYN_ADKL,"Adolescent birth rate (per 1,000 women aged 15-19)"
NT_BW_LBW,Prevalence of low birth weight among new-borns (%)
MT_SP_DYN_CDRT_IN,"Crude death rate (per 1,000 average population)"
DM_LIFE_EXP,Life expectancy at birth (average years)
CME_MRY0,"Infant mortality rate (per 1,000 live births)"
CME_MRY0T4,"Under-5 mortality rate (per 1,000 live births)"
CME_MRM0,"Neonatal mortality rate (per 1,000 live births)"
MNCH_MMR,"Maternal mortality ratio (per 100,000 live births)"
MT_SDG_SUICIDE,"Suicide mortality rate (deaths per 100,000 population)"
HT_SH_HAP_HBSAG,SDG Incidence of Hepatitis B (percentage of children under 5 years who have developed chronic HBV infection)
HT_SH_TBS_INCD,"Incidence of tuberculosis (new cases per 100,000 average population)"
HT_SH_HIV_INCD,"Number of new HIV infections per 1,000 uninfected population"
HT_SH_SUD_ALCOL,Alcohol use disorders of 12 month prevalence with 95% (percentage of population aged 15+ years)
MNCH_SAB,Proportion of births attended by skilled health personnel (%)
HVA_PMTCT_ARV_CVG,Percentage of pregnant women living with HIV receiving ARVs for PMTCT
MNCH_ANC4,Antenatal care 4+ visits - percentage of women attended at least four times during pregnancy by any provider
MNCH_PNCMOM,Postnatal care for mothers - percentage of women who received postnatal care within 2 days of giving birth
MNCH_PNEUCARE,Care seeking for children (under age 5) with symptoms of Acute Respiratory Infection -ARI- (%)
HT_SH_FPL_MTMM,"Women of reproductive age 15-49 years, who have family planning modern methods (%)"
IM_DTP3,Percentage of surviving infants who received the third dose of DPT-containing vaccine
HT_DIST79DTP3_P,Percentage of districts with DTP3 coverage 50-79%
IM_MCV2,"Percentage of children who received the 2nd dose of measles-containing vaccine, as per administered in the national schedule"
HT_DIST79MCV2_P,Percentage of districts with MCV2 coverage 50-79%
HT_SDG_PM25,Annual mean concentration of particles PM2.5 (ug/m3)
NT_BF_EIBF,Percentage of most recent live-born children to women with a live birth in the last 2 years who were put to the breast within one hour of birth
NT_BF_EXBF,Percentage of infants under 6 months of age who are exclusively breastfed
NT_CF_MAD,Percentage of children age 6-23 months who had at least the minimum dietary diversity and the minimum meal frequency during the previous day
NT_ANT_WHZ_PO2,Percentage of children under age 5 who are above two standard deviations (moderate and severe) of the median weight for height of the WHO standard - Overweight prevelance
NT_ANT_HAZ_NE2,Percentage of children under age 5 who fall below minus two standard deviations (moderate and severe) of the median height for age of the WHO standard -(stunting prevelance)
ECD_CHLD_36-59M_ADLT_SRC,Percentage of children with whom any adult household member has engaged in 4 or more activities to provide early stimulation and responsive care in the last 3 days
HT_SH_SUD_TREAT,"Coverage of treatment interventions (pharmacological, psychosocial and rehabilitation and aftercare services) for substance use disorders (%)"
HT_SH_ACS_UNHC,Universal health coverage (UHC) service coverage index
HT_ADOL_UNMETMED_NOUNMET,Percentage of self-reported unmet needs for medical examination and main reason declared: No unmet needs to declare
HT_ADOL_UNMETMED_TOOEXP,Percentage of self-reported unmet needs for medical examination and main reason declared: Too expensive
HT_ADOL_UNMETMED_TOOFAR,Percentage of self-reported unmet needs for medical examination and main reason declared: Too far to travel
HT_ADOL_UNMETMED_WAITING,Percentage of self-reported unmet needs for medical examination and main reason declared: Waiting list
HT_ADOL_UNMETMED_TOOEFW,Percentage of self-reported unmet needs for medical examination and main reason declared: Too expensive or too far to travel or waiting list
HT_ADOL_UNMETMED_NOTIME,Percentage of self-reported unmet needs for medical examination and main reason declared: No time
HT_ADOL_UNMETMED_NOKNOW,Percentage of self-reported unmet needs for medical examination and main reason declared: Didn't know any good doctor or specialist
HT_ADOL_UNMETMED_FEAR,"Percentage of self-reported unmet needs for medical examination and main reason declared: Fear of doctor, hospital, examination or treatment"
HT_ADOL_UNMETMED_HOPING,Percentage of self-reported unmet needs for medical examination and main reason declared: Wanted to wait and see if problem got better on its own
HT_ADOL_UNMETMED_OTH,Percentage of self-reported unmet needs for medical examination and main reason declared: Other
HT_SH_XPD_CHEX_GD_ZS,Current health expenditure (% of GDP)
HT_SH_XPD_GHED_GD_ZS,Domestic general government health expenditure (% of GDP)
HT_SH_XPD_GHED_GE_ZS,Domestic general government health expenditure (% of general government expenditure)
HT_SH_XPD_GHED_CH_ZS,Domestic general government health expenditure (% of current health expenditure)
HT_SH_XPD_GHED_PP_CD,"Domestic general government health expenditure per capita, PPP (current international $)"
HT_SH_XPD_GHED_PC_CD,Domestic general government health expenditure per capita (current US$)
HT_SH_XPD_PVTD_CH_ZS,Domestic private health expenditure (% of current health expenditure)
HT_SH_XPD_PVTD_PP_CD,"Domestic private health expenditure per capita, PPP (current international $)"
HT_SH_XPD_PVTD_PC_CD,Domestic private health expenditure per capita (current US$)
HT_SH_XPD_CHEX_PP_CD,"Current health expenditure per capita, PPP (current international $)"
HT_SH_XPD_CHEX_PC_CD,Current health expenditure per capita (current US$)
HT_SH_XPD_OOPC_CH_ZS,"Out-of-pocket expenditure (OOPS), as % of current health expenditure"
HT_SH_XPD_OOPC_PP_CD,"Out-of-pocket expenditure (OOPS) per capita, PPP (current international $)"
HT_SH_XPD_OOPC_PC_CD,Out-of-pocket expenditure (OOPS) per capita (current US$)
HT_INS_COV,Total population covered by public and primary private health insurance (%)
CME_TMY0T4,Under-five deaths (number)
CME_SBR,"Stillbirth rate (per 1,000 total births)"
CME_PND,Neonatal deaths as a percentage of under-five deaths
HT_U5DEATH_AIDS,Percentage of under-five deaths detailed by cause: AIDS
HT_U5DEATH_DIAR,Percentage of under-five deaths detailed by cause: Diarrhoea
HT_U5DEATH_PERT,Percentage of under-five deaths detailed by cause: Pertussis
HT_U5DEATH_TETA,Percentage of under-five deaths detailed by cause: Tetanus
HT_U5DEATH_MEAS,Percentage of under-five deaths detailed by cause: Measles
HT_U5DEATH_MENI,Percentage of under-five deaths detailed by cause: Meningitis
HT_U5DEATH_MALA,Percentage of under-five deaths detailed by cause: Malaria
HT_U5DEATH_PNEU,Percentage of under-five deaths detailed by cause: Pneumonia
HT_U5DEATH_PRET,Percentage of under-five deaths detailed by cause: Preterm
HT_U5DEATH_INTR,Percentage of under-five deaths detailed by cause: Intrapartum-related events
HT_U5DEATH_SEPS,Percentage of under-five deaths detailed by cause: Sepsis
HT_U5DEATH_OTHE,Percentage of under-five deaths detailed by cause: Other
HT_U5DEATH_CONG,Percentage of under-five deaths detailed by cause: Congenital
HT_U5DEATH_NCDS,Percentage of under-five deaths detailed by cause: NCDs
HT_U5DEATH_INJU,Percentage of under-five deaths detailed by cause: Injuries
MNCH_CSEC,C-section rate - percentage of deliveries by cesarean section
MNCH_MATERNAL_DEATHS,Estimated number of maternal deaths
MNCH_SH_MMR_RISK,Lifetime risk of maternal death (1 in X)
MNCH_SH_MMR_RISK_ZS,Lifetime risk of maternal death (%)
MNCH_INSTDEL,Institutional deliveries - percentage of deliveries in a health facility
MNCH_BIRTH18,Early childbearing - percentage of women (aged 20-24 years) who gave birth before age 18
HT_SH_ACS_DTP3,Proportion of the target population with access to 3 doses of diphtheria-tetanus-pertussis (DTP3)
HT_SH_ACS_HPV,"Proportion of the target population with access to affordable medicines and vaccines on a sustainable basis, human papillomavirus (HPV)"
HT_SH_ACS_MCV2,Proportion of the target population with access to measles-containing-vaccine second-dose (MCV2)
HT_SH_ACS_PCV3,Proportion of the target population with access to pneumococcal conjugate 3rd dose (PCV3)
IM_MCV1,Percentage of surviving infants who received the first dose of measles-containing vaccine
HT_DIST80DTP3_P,Percentage of districts with at least 80% DTP3 coverage
HT_COVERAGE_DTP3,WHO-UNICEF estimates of DTP3 coverage (%)
HT_SN_STA_OVWGTN,Number of children moderately or severely overweight (in thousands)
HT_SH_STA_ANEM,Proportion of women aged 15-49 years with anaemia (%)
HT_SH_STA_ANEM_NPRG,"Proportion of women aged 15-49 years with anaemia, non-pregnant (%)"
HT_SH_STA_ANEM_PREG,"Proportion of women aged 15-49 years with anaemia, pregnant (%)"
NT_BW_UNW,Percentage of births without a birth weight in key data sources
HT_NCD_BMI_18A,"Prevalence of underweight among adults, BMI < 18.5 (%, age-standardized estimate)"
HT_ADOL_MT,Adolescents (aged 10-19 years) mortality rate
HT_SH_PRV_SMOK,Age-standardized prevalence of current tobacco use among persons aged 15 years and older
HT_CDRT_SELF_HARM,Crude death rate caused by intentional self-harm
HT_ADOL_MEAL,Adolescents (15-year-olds) skipping either breakfast or dinner (%)
HT_ADOL_NO_EXCS,Adolescents (15-year-olds) who report doing no physical activity outside of school (%)
HT_ADOL_VGRS_EXCS,Adolescents (15-year-olds) who report regularly engaging in vigorous physical activity outside of school (%)
HT_CHLD_BODY_RGHT,"Children (11-, 13- and 15-year-olds) who report thinking their body is ""about right"" (%)"
HT_CHLD_BODY_NO_RGHT,"Children (11-, 13- and 15-year-olds) who report thinking their body is ""much too thin"" or ""much too fat"" (%)"
HT_CHLD_REG_SMOK,"Children (11-, 13- and 15-year-olds) who are regular smokers (%)"
HT_CHLD_DRNK,"Children (11-, 13- and 15-year-olds) who have been drunk at least twice (%)"
HT_ADOL_HIGH_SATS,Adolescents (15-year-olds) reporting high life satisfaction (%)
HT_ADOL_LOW_SATS,Adolescents (15-year-olds) reporting low life satisfaction (%)
HT_SH_HIV_0014,Number of children (aged 0-14 years) living with HIV
HVA_EPI_LHIV_0-19,Estimated number of children (aged 0-19 years) living with HIV
HVA_EPI_LHIV_15-24,Estimated number of adolescents and young people (aged 15-24 years) living with HIV
HVA_EPI_INF_RT_0-14,"Estimated incidence rate (new HIV infection per 1,000 uninfected population, children aged 0-14 years)"
HVA_EPI_INF_RT_10-19,"Estimated incidence rate (new HIV infection per 1,000 uninfected population, adolescents aged 10-19 years)"
HVA_PED_ART_NUM,Reported number of children (aged 0-14 years) receiving antiretroviral treatment (ART)
HVA_PED_ART_CVG,Percentage of children (aged 0-14 years) living with HIV and receiving antiretroviral therapy (ART)
HVA_EPI_INF_ANN_15-24,Estimated number of new HIV infections in adolescents and young people aged 15-24 years
WS_PPL_W-SM,Proportion of population using safely managed drinking water services
WS_PPL_S-SM,Proportion of population using safely managed sanitation services
WS_PPL_H-B,Proportion of population with a handwashing facility with soap and water available at home
WS_PPS_S-OD,Proportion of population practising open defecation
HT_NO_BTH_SHW_FLSH,"Proportion of population having neither a bath, nor a shower, nor indoor flushing toilet in their household"
EDUNF_STU_L01_TOT,Number of early childhood educational development enrolments
EDUNF_STU_L01_PUB,Number of early childhood educational development enrolments in public institutions
EDUNF_STU_L01_PRV,Number of early childhood educational development enrolments in private institutions
EDU_SDG_GER_L01,Gross enrolment ratio of children aged 0-2 years in early childhood educational development programs
EDU_SDG_FREE_EDU_L02,Number of years of free pre-primary education guaranteed in legal framework (SDG 4.2.5)
EDU_SDG_COMP_EDU_L02,Number of years of compulsory pre-primary education guaranteed in legal framework (SDG 4.2.5)
EDUNF_STU_L02_TOT,Number of pre-primary (ISCED 02) education enrolments
EDUNF_STU_L02_PUB,Number of pre-primary (ISCED 02) education enrolments in public institutions
EDUNF_STU_L02_PRV,Number of pre-primary (ISCED 02) education enrolments in  private institutions
EDUNF_GER_L02,Gross enrolment ratio in pre-primary (ISCED 02) education of population aged 3-6 years
EDUNF_NER_L02,Net enrolment ratio in pre-primary (ISCED 02) education of population aged 3-6 years
EDUNF_PRP_L02,Percentage of all children enrolled in private institutions of pre-primary (ISCED 02) education
EDUNF_FEP_L02,Percentage of females in pre-primary (ISCED 02) education
EDUNF_NERA_L1_UNDER1,"Participation in organized learning (Adjusted net enrolment rate, one year before official primary entry age - Administrative data) (SDG 4.2.2)"
EDUNF_NARA_L1_UNDER1,"Participation in organized learning (Adjusted net attendance rate, one year before official primary entry age - Household survey data) (SDG 4.2.2)"
ECD_CHLD_36-59M_LMPSL,"Percentage of children (aged 36-59 months) developmentally on track in at least 3 of the 4 following domains: literacy-numeracy, physical, social-emotional and learning"
EDUNF_NIR_L1_ENTRYAGE,Net Intake Rate to primary education of official entry age
EDUNF_STU_L1_TOT,Number of primary education (ISCED 1) enrolments
EDUNF_FEP_L1,Percentage of females in primary (ISCED 1) education
EDUNF_STU_L2_TOT,Number of lower secondary education (ISCED 2) enrolments
EDUNF_FEP_L2,Percentage of females in lower secondary (ISCED 2) education
EDUNF_STU_L3_TOT,Number of upper secondary education (ISCED 3) enrolments
EDUNF_FEP_L3,Percentage of females in upper secondary education (ISCED 3)
EDUNF_FEP_L3_GEN,Percentage of females in general upper-secondary education
EDUNF_FEP_L3_VOC,Percentage of females in vocational upper-secondary education
EDUNF_STU_L3_GEN,Number of upper secondary enrolments by program orientation - General
EDUNF_STU_L3_VOC,Number of upper secondary enrolments by program orientation - Vocational
EDUNF_STU_L1_PUB,Number of primary (ISCED 1) education enrolments in public institutions
EDUNF_STU_L1_PRV,Number of primary (ISCED 1) education enrolments in private institutions
EDUNF_PRP_L1,Percentage of enrolments in private schools of primary (ISCED 1) education
EDUNF_STU_L2_PUB,Number of lower secondary education (ISCED 2) enrolments in public institutions
EDUNF_STU_L2_PRV,Number of lower secondary education (ISCED 2) enrolments in private institutions
EDUNF_PRP_L2,Percentage of children enrolled in private schools of lower secondary (ISCED 2) education
EDUNF_STU_L3_PUB,Number of children enrolled in upper secondary education (ISCED 3) - public institutions
EDUNF_STU_L3_PRV,Number of children enrolled in upper secondary education (ISCED 3) - private institutions
EDUNF_PRP_L3,Percentage of students enrolled in private schools of upper secondary (ISCED 3) education
EDUNF_STU_L3_GEN_PUB,"Upper secondary enrolments - General, public institutions"
EDUNF_STU_L3_GEN_PRV,"Upper secondary enrolments - General, private institutions"
EDUNF_STU_L3_VOC_PUB,Vocational or technical upper secondary education enrolments in public institutions
EDUNF_STU_L3_VOC_PRV,Vocational or technical upper secondary education enrolments  in private institutions
EDUNF_GER_L1,Primary education (ISCED 1) gross enrolment ratio (% of relevant population)
EDUNF_GER_L2,Lower secondary education (ISCED 2) gross enrolment ratio (% of relevant population)
EDUNF_GER_L1AND2,Basic education (ISCED 1 and 2) gross enrolment ratio (% of relevant population)
EDUNF_GER_L2_GEN,Lower secondary education (ISCED 2) gross enrolment ratio by program orientation - General (% of relevant population)
EDUNF_GER_L2_VOC,Lower secondary education (ISCED 2) gross enrolment ratio by program orientation - Vocational (% of relevant population)
EDUNF_GER_L3,Upper-secondary education (ISCED 3) gross enrolment ratio (% of population aged 15-18)
EDUNF_GER_L3_GEN,Upper secondary gross enrolment ratio by program orientiation - General (% of population aged 15-18)
EDUNF_GER_L3_VOC,Upper secondary gross enrolment ratio by program orientiation - Vocational (% of population aged 15-18)
EDUNF_NERA_L1,Adjusted net enrolment rate: primary education (%)
EDUNF_NERA_L2,Adjusted net enrolment rate: lower secondary (%)
EDU_SDG_STU_L1_G2OR3_REA,Proportion of children in grade 2 or 3 reaching minimum proficiency in reading
EDU_SDG_STU_L1_G2OR3_MAT,Proportion of children in grade 2 or 3 reaching minimum proficiency in math
EDU_SDG_STU_L1_GLAST_REA,Proportion of children at the end of primary education reaching minimum proficiency in reading
EDU_SDG_STU_L1_GLAST_MAT,Proportion of children at the end of primary education reaching minimum proficiency in math
EDU_SDG_STU_L2_GLAST_REA,Proportion of children at the end of lower secondary education reaching minimum proficiency in reading
EDU_SDG_STU_L2_GLAST_MAT,Proportion of children at the end of lower secondary education reaching minimum proficiency in math
EDUNF_ADMIN_L1_GLAST_REA,Administration of nationally representative learning assessment in reading (End primary)
EDUNF_ADMIN_L1_GLAST_MAT,Administration of nationally representative learning assessment in math (End primary)
EDUNF_ADMIN_L2_REA,Administration of nationally representative learning assessment in reading (Lower secondary)
EDUNF_ADMIN_L2_MAT,Administration of nationally representative learning assessment in math (Lower secondary)
EDU_TIMSS_MAT4,TIMSS: Mean performance on the Mathematics scale for Grade 4 students
EDU_TIMSS_SCI4,TIMSS: Mean performance on the Science scale for Grade 4 students
EDU_TIMSS_MAT8,TIMSS: Mean performance on the Mathematics scale for Grade 8 students
EDU_TIMSS_SCI8,TIMSS: Mean performance on the Science scale for Grade 8 students
EDU_PIRLS_REA,PIRLS: Mean performance on the Reading scale for Grade 4 students
EDU_PISA_MAT,PISA: Mean performance on the Mathematics scale for 15-year-old students
EDU_PISA_REA,PISA: Mean performance on the Reading scale for 15-year-old students
EDU_PISA_SCI,PISA: Mean performance on the Science scale for 15-year-old students
EDUNF_LR_YOUTH,"Youth literacy rate, population 15-24 years (%)"
EDUNF_RPTR_L1,Number of repeaters in all grades of primary education (ISCED 1)
EDUNF_RPTR_L2,Number of repeaters in all grades of lower secondary general education (ISCED 2 - C4)
EDUNF_REPP_L1,Percentage of repeaters in all grades of primary education (ISCED 1)
EDUNF_REPP_L2,Percentage of repeaters in all grades of lower secondary general education (ISCED 2 - C4)
EDUNF_FRP_L1,Percentage of females among repeaters in primary education (ISCED 1)
EDUNF_DR_L1,Cumulative drop-out rate in primary education (% to the last grade)
EDUNF_ESL_L1,Number of early school leavers from primary education
EDUNF_DR_L2,Cumulative drop-out rate in lower secondary general education (% to the last grade)
EDUNF_SR_L1,Survival rate to the last grade of primary education (%)
EDUNF_SR_L2,Survival rate to the last grade of lower secondary general education (%)
EDUNF_CR_L1,Completion rate - Primary education (%)
EDUNF_CR_L2,Completion rate - Lower secondary education (%)
EDUNF_CR_L3,Completion rate - Upper secondary education (%)
EDUNF_TRANRA_L2,Effective transition rate from primary to lower secondary general education (%)
EDUNF_OFST_L1,Number of out-of-school children of primary school age
EDUNF_ROFST_L1,Out-of-school rate for children of primary school age (%)
EDUNF_OFST_L2,Number of out-of-school adolescents of lower secondary school age
EDUNF_ROFST_L2,Out-of-school rate for adolescents of lower secondary school age (%)
EDUNF_OFST_L3,Number of out-of-school youth of upper secondary school age
EDUNF_ROFST_L3,Out-of-school rate for youth of upper secondary school age (%)
EDU_SDG_YOUTH_NEET,"Proportion of youth (aged 15-24 years) not in education, employment or training (%)"
EDU_SDG_PRYA,Participation rate of youth and adults in formal and non-formal education and training for the previous 12 months (%)
EDUNF_STU_L4_TOT,Number of post-secondary non-tertiary education (ISCED 4) enrolments
EDUNF_STU_L4_PUB,Number of post-secondary non-tertiary education (ISCED 4) enrolments in public institutions
EDUNF_STU_L4_PRV,Number of post-secondary non-tertiary education (ISCED 4) enrolments in private institutions
EDUNF_PRP_L4,Percentage of private enrolments in post-secondary non-tertiary education (ISCED 4)
EDUNF_FEP_L4,Percentage of female enrolments in post-secondary non-tertiary education (ISCED 4)
EDUNF_STU_L5T8_TOT,Number of tertiary education (ISCED 5) enrolments
EDUNF_STU_L5T8_PUB,Number of tertiary education (ISCED 5) enrolments in public institutions
EDUNF_STU_L5T8_PRV,Number of tertiary education (ISCED 5) enrolments in private institutions
EDUNF_PRP_L5T8,Percentage of private enrolments in tertiary education (ISCED 5)
EDUNF_FEP_L5T8,Percentage of female enrolments in tertiary education (ISCED 5)
EDUNF_GER_GPI_L02,"Gross enrolment ratio, pre-primary, Gender Parity Index (GPI)"
EDUNF_GER_GPI_L1,"Gross enrolment ratio, primary, Gender Parity Index (GPI)"
EDUNF_GER_GPI_L2,"Gross enrolment ratio, lower secondary, Gender Parity Index (GPI)"
EDUNF_GER_GPI_L3,"Gross enrolment ratio, upper secondary, Gender Parity Index (GPI)"
EDUNF_GER_GPI_L2AND3,"Gross enrolment ratio, secondary, Gender Parity Index (GPI)"
EDU_FIN_EXP_PT_GDP,Government expenditure on education as a percentage of GDP (%)
EDU_FIN_EXP_PT_TOT,Expenditure on education as a percentage of total government expenditure
EDU_FIN_EXP_CONST_PPP,"Government expenditure on education, in constant PPP ($ millions)"
EDU_FIN_EXP_L02,Expenditure on pre-primary as a percentage of government expenditure on education
EDU_FIN_EXP_L1,Expenditure on primary as a percentage of government expenditure on education
EDU_FIN_EXP_L2,Expenditure on lower secondary as a percentage of government expenditure on education
EDU_FIN_EXP_L3,Expenditure on upper secondary as a percentage of government expenditure on education
EDU_FIN_EXP_L4,Expenditure on post-secondary non-tertiary as a percentage of government expenditure on education
EDU_FIN_EXP_L5T8,Expenditure on tertiary as a percentage of government expenditure on education
EDU_SDG_SCH_L1,Proportion of schools with access to adapted infrastructure and materials for students with disabilities - Primary (%)
EDU_SDG_SCH_L2,Proportion of schools with access to adapted infrastructure and materials for students with disabilities - Lower secondary (%)
EDU_SDG_SCH_L3,Proportion of schools with access to adapted infrastructure and materials for students with disabilities - Upper secondary (%)
WS_SCH_H-B,Proportion of total schools with basic hygiene services (%)
WS_SCH_S-B,Proportion of total schools with basic sanitation services (%)
WS_SCH_W-B,Proportion of total schools with basic drinking water services (%)
EDUNF_TEACH_L1,Total number of Classroom teachers in primary education (ISCED 1)
EDUNF_TEACH_L2,Total number of Classroom teachers in lower secondary education (ISCED 2)
EDUNF_TEACH_L3,Total number of Classroom teachers in upper secondary education (ISCED 3)
EDUNF_PTR_L1,Pupil-teacher ratio in primary education (ISCED1) (headcount basis)
EDUNF_PTR_L2,Pupil-teacher ratio in lower secondary education (ISCED 2) (headcount basis)
EDUNF_PTR_L2AND3,Pupil-teacher ratio in secondary education (ISCED 2 and 3) (headcount basis)
EDUNF_PTR_L3,Pupil-teacher ratio in upper secondary education (ISCED 3) (headcount basis)
EDU_SDG_TRTP_L02,Percentage of trained teachers in pre-primary education
EDU_SDG_TRTP_L1,Percentage of trained teachers in primary education
EDU_SDG_TRTP_L2,Percentage of trained teachers in lower secondary education
EDU_SDG_TRTP_L3,Percentage of trained teachers in upper secondary education
EDU_SDG_PTTR_L02,Pupil-trained teacher ratio in pre-primary education (headcount basis)
EDU_SDG_PTTR_L1,Pupil-trained teacher ratio in primary education (headcount basis)
EDU_SDG_PTTR_L2,Pupil-trained teacher ratio in lower secondary education (headcount basis)
EDU_SDG_PTTR_L3,Pupil-trained teacher ratio in upper secondary education (headcount basis)
EDU_SDG_QUTP_L02,Proportion of teachers qualified according to national standards in pre-primary education (%)
EDU_SDG_QUTP_L1,Proportion of teachers qualified according to national standards in primary education (%)
EDU_SDG_QUTP_L2,Proportion of teachers qualified according to national standards in lower secondary education (%)
EDU_SDG_QUTP_L3,Proportion of teachers qualified according to national standards in upper secondary education (%)
EDU_SDG_PQTR_L02,Pupil-qualified teacher ratio in pre-primary education (headcount basis)
EDU_SDG_PQTR_L1,Pupil-qualified teacher ratio in primary education (headcount basis)
EDU_SDG_PQTR_L2,Pupil-qualified teacher ratio in lower secondary education (headcount basis)
EDU_SDG_PQTR_L3,Pupil-qualified teacher ratio in upper secondary education (headcount basis)
ECD_CHLD_U5_BKS-HM,Percentage of children who have 3 or more children's books at home
ECD_CHLD_U5_PLYTH-HM,Percentage of children under age 5 who play with 2 or more types of playthings at home
EDUNF_EA_L2T8,"Educational attainment: at least completed lower secondary (ISCED 2 or higher), population 25+ years (%)"
EDUNF_ADMIN_L1_G2OR3_REA,Administration of nationally representative learning assessment in reading (Grade 2 or 3)
EDUNF_ADMIN_L1_G2OR3_MAT,Administration of nationally representative learning assessment in math (Grade 2 or 3)
EDU_PISA_MAT2,PISA: 15-year-olds by sex achieving proficiency Level 2 (%) in Mathematics
EDU_PISA_MAT3,PISA: 15-year-olds by sex achieving proficiency Level 3 (%) in Mathematics
EDU_PISA_MAT4,PISA: 15-year-olds by sex achieving proficiency Level 4 (%) in Mathematics
EDU_PISA_MAT5,PISA: 15-year-olds by sex achieving proficiency Level 5 (%) in Mathematics
EDU_PISA_MAT6,PISA: 15-year-olds by sex achieving proficiency Level 6 (%) in Mathematics
EDU_PISA_REA2,PISA: 15-year-olds by sex achieving proficiency Level 2 (%) in Reading
EDU_PISA_REA3,PISA: 15-year-olds by sex achieving proficiency Level 3 (%) in Reading
EDU_PISA_REA4,PISA: 15-year-olds by sex achieving proficiency Level 4 (%) in Reading
EDU_PISA_REA5,PISA: 15-year-olds by sex achieving proficiency Level 5 (%) in Reading
EDU_PISA_REA6,PISA: 15-year-olds by sex achieving proficiency Level 6 (%) in Reading
EDU_PISA_SCI2,PISA: 15-year-olds by sex achieving proficiency Level 2 (%) in Science
EDU_PISA_SCI3,PISA: 15-year-olds by sex achieving proficiency Level 3 (%) in Science
EDU_PISA_SCI4,PISA: 15-year-olds by sex achieving proficiency Level 4 (%) in Science
EDU_PISA_SCI5,PISA: 15-year-olds by sex achieving proficiency Level 5 (%) in Science
EDU_PISA_SCI6,PISA: 15-year-olds by sex achieving proficiency Level 6 (%) in Science
EDUNF_LR_ADULT,"Adult literacy rate, population 15+ years by sex (%)"
EDUNF_FRP_L2AND3,Percentage of females among repeaters in secondary education (ISCED 2 and 3)
EDUNF_OFST_L1_UNDER1,Number of out-of-school children one year younger than the official entry age to primary education
EDUNF_ROFST_L1_UNDER1,Out-of-school rate for children one year younger than the official entry age to primary education (%)
EDUNF_GER_GPI_L01,"Gross enrolment ratio, early childhood educational development programmes, Gender Parity Index (GPI)"
EDUNF_SAP_L02,Population of the official age for pre-primary education (number of persons)
EDUNF_SAP_L1,Population of the official age for primary education (number of persons)
EDUNF_SAP_L2,Population of the official age for lower secondary education (number of persons)
EDUNF_SAP_L3,Population of the official age for upper secondary education (number of persons)
EDUNF_SAP_L1T3,Population of the official age for primary and secondary education - ISCED 1 to 3 included - (number of persons)
EDUNF_OFST_L1T3,"Number of out-of-school children, adolescents and youth of primary and secondary school age (persons)"
EDUNF_ROFST_L1T3,"Out-of-school rate for children, adolescents and youth of primary and secondary school age (%)"
EDUNF_SAP_L2_GLAST,"Population of the official age for Last Grade of lower secondary education - ISCED 2, Last Grade - (number of persons)"
EDUNF_PRP_L2AND3,Percentage of children enrolled in private schools of secondary education - ISCED 2 and 3
EDUNF_STU_L2AND3_PRV,Number of children enrolled in private schools of secondary education - ISCED 2 and 3
EDUNF_COMP_YR,Duration of compulsory education in years
EDUNF_COMP_YR_L02T3,Total number of years of compulsory education guaranteed in legal frameworks
EDUNF_PTR_L02,Pupil-teacher ratio in pre-primary education (headcount basis)
EDUNF_GECER_L01,Gross early childhood enrolment ratio in early childhood educational development (%)
EDUNF_GECER_L02,Gross early childhood enrolment ratio in pre-primary education (%)
EDU_ECEC_PART,Participation in early childhood education (% of children aged 4 and over)
ED_ANAR_L1,Adjusted net attendance rate for children of primary school age (%)
ED_ANAR_L2,Adjusted net attendance rate for adolescents of lower secondary school age (%)
ED_ANAR_L3,Adjusted net attendance rate for youth of upper secondary school age (%)
EDU_SE_ACS_INTNT_L1,Percentage of primary schools with access to the internet for pedagogical purposes
EDU_SE_ACS_INTNT_L2,Percentage of lower secondary schools with access to the internet for pedagogical purposes
EDU_SE_ACS_INTNT_L3,Percentage of upper secondary schools with access to the internet for pedagogical purposes
EDU_SE_ACS_CMPTR_L1,Percentage of primary schools with access to computers for pedagogical purposes
EDU_SE_ACS_CMPTR_L2,Percentage of lower secondary schools with access to computers for pedagogical purposes
EDU_SE_ACS_CMPTR_L3,Percentage of upper secondary schools with access to computers for pedagogical purposes
EDU_SE_ACS_ELECT_L1,Percentage of primary schools with access to electricity
EDU_SE_ACS_ELECT_L2,Percentage of lower secondary schools with access to electricity
EDU_SE_ACS_ELECT_L3,Percentage of upper secondary schools with access to electricity
EDU_SE_TOT_GPI_L1_REA,Adjusted gender parity index for students at the end of primary education achieving a minimum proficiency level in reading
EDU_SE_TOT_GPI_L2_REA,Adjusted gender parity index for students at the end of lower secondary education achieving a minimum proficiency level in reading
EDU_SE_TOT_GPI_L1_MAT,Adjusted gender parity index for students at the end of primary education achieving a minimum proficiency level in mathematics
EDU_SE_TOT_GPI_L2_MAT,Adjusted gender parity index for students at the end of lower secondary education achieving a minimum proficiency level in mathematics
EDU_SE_TOT_GPI_FS_LIT,Adjusted gender parity index for achieving at least a fixed level of proficiency in functional literacy skills
EDU_SE_TOT_GPI_FS_NUM,Adjusted gender parity index for achieving at least a fixed level of proficiency in functional numeracy skills
EDU_SE_AGP_CPRA_L1,Adjusted gender parity index for primary education completion rate
EDU_SE_AGP_CPRA_L2,Adjusted gender parity index for lower secondary education completion rate
EDU_SE_AGP_CPRA_L3,Adjusted gender parity index for upper secondary education completion rate
EDU_SE_GPI_PART,Adjusted gender parity index for participation rate of youth and adults in formal and non-formal education and training in the previous 12 months
EDU_SE_GPI_PTNPRE,Adjusted gender parity index for participation rate in organized learning (one year before the official primary entry age)
EDU_SE_GPI_TCAQ_L02,Adjusted gender parity index for the proportion of qualified teachers in pre-primary education
EDU_SE_GPI_TCAQ_L1,Adjusted gender parity index for the proportion of qualified teachers in primary education
EDU_SE_GPI_TCAQ_L2,Adjusted gender parity index for the proportion of qualified teachers in lower secondary education
EDU_SE_GPI_TCAQ_L3,Adjusted gender parity index for the proportion of qualified teachers in upper secondary education
EDU_SE_NAP_ACHI_L1_REA,Adjusted immigration status parity index for students at the end of primary education achieving a minimum proficiency level in reading
EDU_SE_NAP_ACHI_L2_REA,Adjusted immigration status parity index for students at the end of lower secondary education achieving a minimum proficiency level in reading
EDU_SE_NAP_ACHI_L1_MAT,Adjusted immigration status parity index for students at the end of primary education achieving a minimum proficiency level in mathematics
EDU_SE_NAP_ACHI_L2_MAT,Adjusted immigration status parity index for students at the end of lower secondary education achieving a minimum proficiency level in mathematics
EDU_SE_IMP_FPOF_LIT,Adjusted immigration status parity index for achieving at least a fixed level of proficiency in functional literacy skills
EDU_SE_IMP_FPOF_NUM,Adjusted immigration status parity index for achieving at least a fixed level of proficiency in functional numeracy skills
EDU_SE_LGP_ACHI_L1_REA,Adjusted language test parity index for students at the end of primary education achieving a minimum proficiency level in reading
EDU_SE_LGP_ACHI_L2_REA,Adjusted language test parity index for students at the end of lower secondary education achieving a minimum proficiency level in reading
EDU_SE_LGP_ACHI_L1_MAT,Adjusted language test parity index for students at the end of primary education achieving a minimum proficiency level in mathematics
EDU_SE_LGP_ACHI_L2_MAT,Adjusted language test parity index for students at the end of lower secondary education achieving a minimum proficiency level in mathematics
EDU_SE_ALP_CPLR_L1,Adjusted location parity index for primary education completion rate
EDU_SE_ALP_CPLR_L2,Adjusted location parity index for lower secondary education completion rate
EDU_SE_ALP_CPLR_L3,Adjusted location parity index for upper secondary education completion rate
EDU_SE_TOT_SESPI_L1_REA,Adjusted wealth parity index for students at the end of primary education achieving a minimum proficiency level in reading
EDU_SE_TOT_SESPI_L2_REA,Adjusted wealth parity index for students at the end of lower secondary education achieving a minimum proficiency level in reading
EDU_SE_TOT_SESPI_L1_MAT,Adjusted wealth parity index for students at the end of primary education achieving a minimum proficiency level in mathematics
EDU_SE_TOT_SESPI_L2_MAT,Adjusted wealth parity index for students at the end of lower secondary education achieving a minimum proficiency level in mathematics
EDU_SE_TOT_SESPI_FS_LIT,Adjusted wealth parity index for achieving at least a fixed level of proficiency in functional literacy skills
EDU_SE_TOT_SESPI_FS_NUM,Adjusted wealth parity index for achieving at least a fixed level of proficiency in functional numeracy skills
EDU_SE_TOT_RUPI_L1_REA,Adjusted location parity index for students at the end of primary education achieving a minimum proficiency level in reading
EDU_SE_TOT_RUPI_L2_REA,Adjusted location parity index for students at the end of lower secondary education achieving a minimum proficiency level in reading
EDU_SE_TOT_RUPI_L1_MAT,Adjusted location parity index for students at the end of primary education achieving a minimum proficiency level in mathematics
EDU_SE_TOT_RUPI_L2_MAT,Adjusted location parity index for students at the end of lower secondary education achieving a minimum proficiency level in mathematics
EDU_SE_AWP_CPRA_L1,Adjusted wealth parity index for primary education completion rate
EDU_SE_AWP_CPRA_L2,Adjusted wealth parity index for lower secondary education completion rate
EDU_SE_AWP_CPRA_L3,Adjusted wealth parity index for upper secondary education completion rate
EDUNF_STEM_GRAD_RT,"Percentage of tertiary education graduates from Science, Technology , Engineering and Mathematics (STEM) programmes"
PV_SI_POV_EMP1,Employed population below international poverty line (%)
PV_SI_POV_DAY1,Proportion of population below international poverty line (%)
PV_SI_POV_UMIC,Poverty headcount ratio at $5.50 a day (2011 PPP) (% of population)
PV_SDG_SI_POV_NAHC,Proportion of population living below the national poverty line (%)
PV_WB_SI_POV_NAHC,Poverty headcount ratio at national poverty lines (% of population)
PV_AROPE,People at risk of poverty or social exclusion (%)
PV_AROPRT,At-risk-of-poverty rate by threshold: 60% of median equivalized income after social transfers (%)
PV_SD_MDP_CSMP,Proportion of children living in child-specific multidimensional poverty (%)
PV_SD_MDP_MUHHC,Proportion of households living in multidimensional poverty (%)
PV_SD_MDP_MUHC,Proportion of population living in multidimensional poverty (%)
PV_SI_POV_MDIM,Multidimensional poverty headcount ratio (% of total population)
PV_SI_POV_MDIM_17,"Multidimensional poverty headcount ratio, children (% of population ages 0-17)"
WS_PPL_W-B,Proportion of population using basic drinking water services (%)
WS_PPL_S-B,Proportion of population using basic sanitation services (%)
PV_SEV_MAT_DPRT,Severe material deprivation rate (%)
PV_SI_COV_BENFTS,Proportion of population covered by at least one social protection benefit (%)
PV_SI_COV_LMKT,Proportion of population covered by labour market programs (%)
PV_SI_COV_SOCAST,Proportion of population covered by social assistance programs (%)
PV_SI_COV_SOCINS,Proportion of population covered by social insurance programs (%)
PV_SI_COV_WKINJRY,Proportion of employed population covered in the event of work injury (%)
PV_SI_COV_CHLD,Proportion of children/households receiving child/family cash benefit (%)
PV_SI_COV_DISAB,Proportion of population with severe disabilities receiving disability cash benefit (%)
PV_SI_COV_MATNL,Proportion of mothers with newborns receiving maternity cash benefit (%)
PV_SI_COV_POOR,Proportion of poor population receiving social assistance cash benefit (%)
PV_SI_COV_UEMP,Proportion of unemployed persons receiving unemployment cash benefit (%)
PV_SI_COV_VULN,Proportion of vulnerable population receiving social assistance cash benefit (%)
PV_SI_COV_PENSN,Proportion of population above statutory pensionable age receiving a pension (%)
DM_CHLD_TWO_PRNT,Percentage of children (0-17) living with two parents
DM_CHLD_POP,Total child population aged 0-17 years (expressed in thousands)
DM_ADOL_POP,Total adolescent population aged 10-19 years (expressed in thousands)
DM_TOT_POP_PROSP,Total population prospects (expressed in thousands)
DM_CHLD_POP_PT,Percentage of children as a share of the total population
DM_SP_POP_BRTH_MF,Sex ratio at birth (male births per female births)
DM_ADOL_YOUTH_POP,"Total adolescent, young and youth population aged 10-24 years (expressed in thousands)"
DM_REPD_AGE_POP,Total population of reproductive age 15-49 years (expressed in thousands)
EC_HDI,Human Development Index (HDI)
EC_NY_GDP_MKTP_KD_ZG,GDP growth (annual %)
EC_NY_GDP_PCAP_KD_ZG,GDP per capita growth (annual %)
EC_NE_DAB_TOTL_ZS,Gross national expenditure (% of GDP)
EC_TEC_GRL_GOV_EXP,Total general government expenditure (% of GDP)
EC_TEC_CNT_GOV_EXP,Total central government expenditure (% of GDP)
EC_TEC_STA_GOV_EXP,Total state government expenditure (% of GDP)
EC_TEC_LOC_GOV_EXP,Total local government expenditure (% of GDP)
EC_TEC_SSF_EXP,Total social security funds expenditure (% of GDP)
EC_GR_G14_GDP,Total government revenue (budgetary central government) as a proportion of GDP (%)
EC_SP_GOV_EXP_GDP,Total general government expenditure in Social Protection (% of GDP)
EC_SP_GOV_EXP_TOT,Total general government expenditure in Social Protection (% of total government expenditure)
EC_NY_GDP_PCAP_PP_CD,"GDP per capita, PPP (current international $)"
EC_NY_GNP_ATLS_CD,"GNI, Atlas method (current US$)"
EC_NY_GNP_PCAP_CD,"GNI per capita, Atlas method (current US$)"
EC_GC_DOD_TOTL_GD_ZS,"Central government debt, total (% of GDP)"
EC_SI_POV_GINI,Gini index (World Bank estimate)
EC_SL_UEM_TOTL_NE_ZS,"Unemployment, national estimate (% of total labor force)"
EC_SL_UEM_TOTL_ZS,"Unemployment, modelled ILO estimate (% of total labor force)"
GN_MTNTY_LV_BNFTS,Maternity leave benefits
GN_PTNTY_LV_BNFTS,Paternity leave benefits
EC_GDI,Gender Development Index (GDI)
EC_GII,Gender Inequality Index (GII)
EC_IQ_CPA_GNDR_XQ,CPIA gender equality rating (1=low to 6=high)
EC_SIGI,Social Institutions and Gender Index (SIGI)
EC_YOUTH_UNE_RT,Youth unemployment rate (% of population aged 15 to 29 years old)
EC_EAP_RT,Labour force participation rate (%)
EC_GNI_PCAP_PPP,Gross national income (GNI) per capita (constant 2017 PPP$)
EC_FB_BNK_ACCSS,Proportion of adults with an account at a financial institution or mobile-money-service provider (% of adults aged 15 years and older)
SL_DOM_TSPD,Proportion of time spent on unpaid domestic chores and care work (%)
SG_GEN_PARL,Proportion of seats held by women in national parliaments (%)
DM_SM_POP_REFG,Refugee population by country or territory of asylum
DM_SM_POP_REFG_OR,Refugee population by country or territory of origin
DM_ASYL_FRST,First time asylum applicants (persons)
DM_ASYL_UASC,Asylum applicants considered to be unaccompanied minors (persons)
MG_INTNL_MG_CNTRY_DEST_PS,International migrant stock by country of destination (thousands of persons)
MG_INTNL_MG_CNTRY_DEST_RT,International migrant stock by country of destination (% of total population)
CR_VC_DSR_MTMP,"Number of deaths and missing persons attributed to disasters (per 100,000 population)"
CR_VC_DSR_DAFF,"Number of directly affected persons attributed to disasters (per 100,000 population)"
CR_SH_STA_AIRP,"Crude death rate attributed to household and ambient air pollution (deaths per 100,000 population)"
CR_SH_STA_ASAIRP,"Age-standardized mortality rate attributed to household and ambient air pollution (deaths per 100,000 population)"
CR_EG_EGY_CLEAN,Proportion of population with primary reliance on clean fuels and technology (%)
CR_EG_ACS_ELEC,Proportion of population with access to electricity (%)
CR_SG_DSR_LGRGSR,Score of adoption and implementation of national DRR strategies in line with the Sendai Framework
CR_VC_VOV_GDSD,"Percentage of population reporting having felt discriminated against, by grounds of discrimination, sex and disability"
EC_TOT_PUB_EXP_GDP,Total public social expenditure (% of GDP)
EC_TOT_PUB_EXP_TOT,Total public social expenditure (% of total general government expenditure)
EC_FAM_PUB_EXP_GDP,Family public social expenditure (% of GDP)
EC_FAM_PUB_EXP_TOT,Family public social expenditure (% of total general government expenditure)
CR_IQ_SCI_OVRL,Statistical Capacity score (Overall average)
CR_SG_STT_FPOS,Countries with national statistical legislation exists that complies with the Fundamental Principles of Official Statistics
CR_SG_STT_NSDSFND,Countries with national statistical plans that are fully funded
CR_SG_STT_NSDSIMPL,Countries with national statistical plans that are under implementation
CR_SG_STT_NSDSFDGVT,Countries with national statistical plans with funding from Government
CR_SG_STT_NSDSFDDNR,Countries with national statistical plans with funding from donors
CR_SG_STT_NSDSFDOTHR,Countries with national statistical plans with funding from others
CR_SG_STT_CAPTY,Value of all resources made available to strengthen statistical capacity in developing countries (current US$)
CR_SG_REG_CENSUSN,Countries that have conducted at least one population and housing census in the last 10 years
PT_F_GE15_PS-SX-EM_V_PTNR_12MNTH,"Percentage of ever-partnered women and girls (aged 15 years and older) subjected to physical, sexual or psychological violence by a current or former intimate partner in the previous 12 months"
PT_F_GE15_SX_V_PTNR_12MNTH,Women and girls aged 15 and older subjected to sexual violence by persons other than an intimate partner in the previous 12 months (%)
PT_VC_VOV_PHYL,Proportion of population subjected to physical violence in the previous 12 months
PT_VC_VOV_SEXL,Proportion of population subjected to sexual violence in the previous 12 months
PT_VC_VOV_ROBB,Proportion of population subjected to robbery in the previous 12 months
PT_VC_SNS_WALN,Proportion of population that feel safe walking alone around the area they live
PT_CHLD_1-14_PS-PSY-V_CGVR,Percentage of children who experienced any physical punishment and/or psychological aggression by caregivers
PT_F_18-29_SX-V_AGE-18,Percentage of women aged 18 and over years who experienced sexual violence by age 18 years
PT_M_18-29_SX-V_AGE-18,Percentage of men (aged 18 and over) who experienced sexual violence by age 18
PT_VC_PRR_PHYV,Police reporting rate for physical assault (%)
PT_VC_PRR_SEXV,Police reporting rate for sexual assault (%)
PT_VC_PRR_ROBB,Police reporting rate for robbery (%)
PT_ADLT_PS_NEC,Percentage of adults who think that physical punishment is necessary to raise/educate children
PT_F_15-49_W-BTNG,Percentage of women aged 15-49 years who consider a husband to be justified in hitting or beating his wife for at least one of the specified reasons
PT_M_15-49_W-BTNG,Percentage of men aged 15-49 years who consider a husband to be justified in hitting or beating his wife for at least one of the specified reasons
PT_ST_13-15_BUL_30-DYS,Percentage of students who reported being bullied on 1 or more days in the past 30 days
PT_F_15-19_MRD,Percentage of girls aged 15-19 years who are currently married or in union
PT_M_15-19_MRD,Percentage of boys aged 15-19 years who are currently married or in union
PT_F_20-24_MRD_U15,Percentage of women aged 20-24 years married or in union before age 15
PT_F_20-24_MRD_U18,Percentage of women aged 20-24 years married or in union before age 18
PT_M_20-24_MRD_U18,Percentage of men aged 20-24 years married or in union before age 18
PT_CHLD_5-17_LBR_ECON,Percentage of children aged 5-17 years engaged in child labour (economic activities)
PT_CHLD_5-17_LBR_ECON-HC,Percentage of children aged 5-17 years engaged in child labour (economic activities and household chores)
PT_ADLS_10-14_LBR_HC,Percentage of adolescents (aged 10-14 years) engaged in household chores
JJ_VC_PRS_UNSNT,Unsentenced detainees as a proportion of overall prison population (%)
JJ_PRISIONERS,Number of Prisoners
JJ_PRISIONERS_RT,Rate of Prisoners
PT_CHLD_Y0T4_REG,Proportion of children whose births have been registered with a civil authority (%)
PP_SG_REG_BRTH90N,Countries with birth registration data that are at least 90 percent complete
PP_SG_REG_DETH75N,Countries with death registration data that are at least 75 percent complete
PP_SG_NHR_IMPLN,Countries with National Human Rights Institutions in compliance with the Paris Principles (A status)
PP_SG_NHR_INTEXSTN,Countries with National Human Rights Institutions not fully compliant with the Paris Principles (B status)
PP_SG_NHR_NOSTUSN,Countries with National Human Rights Institutions and no status with the Paris Principles (C status)
PP_SG_NHR_NOAPPLN,Countries with no application for accreditation with the Paris Principles (D status)
PP_IT_USE_ii99,Internet users per 100 inhabitants
PP_SE_ADT_ACTS_ATCH,Proportion of youth and adults with ICT skill: sending e-mails with attached files
PP_SE_ADT_ACTS_CPT,Proportion of youth and adults with ICT skill: using copy and paste tools to duplicate or move information within a document
PP_SE_ADT_ACTS_CDV,Proportion of youth and adults with ICT skill: connecting and installing new devices
PP_SE_ADT_ACTS_SSHT,Proportion of youth and adults with ICT skill: using basic arithmetic formula in a spreadsheet
PP_SE_ADT_ACTS_PRGM,Proportion of youth and adults with ICT skill: writing a computer program using a specialized programming language
PP_SE_ADT_ACTS_PST,Proportion of youth and adults with ICT skill: creating electronic presentations with presentation software
PP_SE_ADT_ACTS_SFWR,"Proportion of youth and adults with ICT skill: finding, downloading, installing and configuring software"
PP_SE_ADT_ACTS_TRFF,Proportion of youth and adults with ICT skill: transferring files between a computer and other devices
PP_SE_ADT_ACTS_CMFL,Proportion of youth and adults with ICT skill: copying or moving a file or folder
PP_SE_GPI_ICTS_ATCH,Gender parity index for the proportion of youth and adults with ICT skill: sending e-mails with attached files
PP_SE_GPI_ICTS_CPT,Gender parity index for the proportion of youth and adults with ICT skill: using copy and paste tools to duplicate or move information within a document
PP_SE_GPI_ICTS_CDV,Gender parity index for the proportion of youth and adults with ICT skill: connecting and installing new devices
PP_SE_GPI_ICTS_SSHT,Gender parity index for the proportion of youth and adults with ICT skill: using basic arithmetic formula in a spreadsheet
PP_SE_GPI_ICTS_PRGM,Gender parity index for the proportion of youth and adults with ICT skill: writing a computer program using a specialized programming language
PP_SE_GPI_ICTS_PST,Gender parity index for the proportion of youth and adults with ICT skill: creating electronic presentations with presentation software
PP_SE_GPI_ICTS_SFWR,"Gender parity index for the proportion of youth and adults with ICT skill: finding, downloading, installing and configuring software"
PP_SE_GPI_ICTS_TRFF,Gender parity index for the proportion of youth and adults with ICT skill: transferring files between a computer and other devices
PP_SE_GPI_ICTS_CMFL,Gender parity index for the proportion of youth and adults with ICT skill: copying or moving a file or folder
PP_IT_MOB_OWN,Proportion of individuals who own a mobile telephone
PP_ADOL_TVGM,"Adolescents (15-year-olds) who watch TV or play video games, before or after school (%)"
PP_ADOL_INET,"Adolescents (15-year-olds) who use the internet and social networks, before or after school (%)"
PP_ADOL_ITXT,Adolescents (15-year-olds) who are high or extreme internet users (%)
PP_ADOL_WORK_PAID,"Adolescents (15-year-olds) who do paid work, before or after school (%)"
PP_ADOL_WORK_HOME,"Adolescents (15-year-olds) who do unpaid work in the home, before or after school (%)"
ECD_CHLD_U5_LFT-ALN,Percentage of children under age 5 left alone or under the supervision of another child younger than 10 years of age for more than 1 hour at least once in the last week
DM_POP_TOT,"Total population at the beginning of the year (persons), 1989-2019"
DM_AVG_POP_TOT,"Average total population (persons), 1989-2018"
DM_DPR_AGE,"Age dependency ratio (% of population aged 0-14 and 65 and over, to population aged 15-64), 1989-2019"
DM_DPR_CHD,"Child dependency ratio (% of population aged 0-14, to population aged 15-64), 1989-2019"
DM_DPR_OLD,"Old-age dependency ratio (% of population aged 65 and over, to population aged 15-64), 1989-2019"
DM_IMG,"Number of immigrants, 1989-2018"
DM_EMG,"Number of emigrants, 1989-2018"
DM_NEXT_MG,Net external migration
DM_NEXTRT_MG,"Crude rate of net migration (per 100,000 average population), 1989-2018"
DM_MRG,Number of marriages
DM_MRGRT,"Crude marriage rate (per 1,000 average population)"
DM_DIV,"Number of divorces, 1989-2018"
DM_CRDIVRT,"Crude divorce rate (per 1,000 average population), 1989-2018"
DM_GNDIVRT,General divorce rate (per 100 marriages)
DM_CHLD_DIV,"Number of children affected by parental divorce, 1989-2018"
FT_BRTS_LIVE,Number of live births by sex and by mother's age
FT_BRTS_LIVE_LOW,"Number of low-weight births (live births under 2,500 grams)"
FT_BRTS_LIVE_LOWRT,"Proportion of live births under 2,500 grams (births under 2,500 grams as % of total live births)"
FT_CRBR,"Crude birth rate (live births per 1,000 average population)"
FT_ABRS,Number of legally induced abortions
FT_ABRT,Abortion rate (legally induced abortions per 100 live births)
EDU_CHLD_DISAB,Number of children with disabilities in education
EDU_CHLD_DISAB_GENERAL,Number of children with disabilities in education by type of school: Ordinary (general) school
EDU_CHLD_DISAB_SPECIAL,Number of children with disabilities in education by type of school: special school
EDU_CHLD_DISAB_L02,Number of children with disabilities in education by ISCED level: ISCED 0
EDU_CHLD_DISAB_L1,Number of children with disabilities in education by ISCED level: ISCED 1
EDU_CHLD_DISAB_L2,Number of children with disabilities in education by ISCED level: ISCED 2
EDU_CHLD_DISAB_L3,Number of children with disabilities in education by ISCED level: ISCED 3
PT_CHLD_NO_PARENTAL_CARE,"Total number of children left without parental care (during the year, by sex and age groups)"
PT_CHLD_NO_PARENTAL_CARE_DISABILITY,"Number of children with disabilities left without parental care (during the year, by sex)"
PT_CHLD_NO_PARENTAL_CARE_ORPHAN,Children left without parental care by cause: orphan children (during the year)
PT_CHLD_NO_PARENTAL_CARE_PARRIGHTS,Children left without parental care by cause: deprivation of parental rights (during the year)
PT_CHLD_NO_PARENTAL_CARE_ABANDON,Children left without parental care by cause: abandonment or relinquishment by the parents (during the year)
PT_CHLD_NO_PARENTAL_CARE_UNABLE,Children left without parental care by cause: parents temporary unable/ not in a position to care for the child (during the year)
PT_CHLD_NO_PARENTAL_CARE_OTHER,Children left without parental care by cause: other (during the year)
PT_CHLD_NO_PARENTAL_CARE_INCARE,Children left without parental care placed into care (during the year)
PT_CHLD_NO_PARENTAL_CARE_INRESIDENTIAL,Children left without parental care by type of placement: in residential care (during the year)
PT_CHLD_NO_PARENTAL_CARE_ININSTITUTE,Children left without parental care by type of placement: entered educational institution (during the year)
PT_CHLD_NO_PARENTAL_CARE_INFOSTER,Children left without parental care by type of placement: entered foster care (during the year)
PT_CHLD_NO_PARENTAL_CARE_INGUARDIAN,Children left without parental care by type of placement: entered guardian care (during the year)
PT_CHLD_NO_PARENTAL_CARE_ADOPTED,Children left without parental care by type of placement: were adopted (during the year)
PT_CHLD_INFORMALCARE,Total number of children in formal care (at the end of the year)
PT_CHLD_INRESIDENTIAL,Total number of children in residential care (at the end of the year) - Includes persons aged 18 years old and over in some countries
PT_CHLD_DISAB_PUBLIC,Number of children with disabilities in public residential care - all types of institutions (at the end of the year)
PT_CHLD_NO_PARENTAL_CARE_PUBLIC,"Number of children without parental care in public residential care (at the end of the year, by age groups)"
PT_CHLD_ININFANTHOME,Number of children in infant homes (at the end of the year)
PT_CHLD_INBOARDING,Number of children in general boarding schools - under the full state support (at the end of the year)
PT_CHLD_NONPUBLIC,"Number of children in non-public residential care (at the end of the year, by sex and age groups)"
PT_CHLD_LEFTRESCARE,Number of children who left public residential care - including those transferred to another institution (during the year)
PT_CHLD_LEFTRESCARE_RETURNED,Children who left public residential care by reason: were returned to their parents /reintegrated in the family (during the year)
PT_CHLD_LEFTRESCARE_INFAMILY,Children who left public residential care by reason: were placed into family type care (during the year)
PT_CHLD_LEFTRESCARE_ADOPTED,Children who left public residential care by reason: were adopted (during the year)
PT_CHLD_LEFTRESCARE_INDEPENDENT,Children who left public residential care by reason: started independent life (during the year)
PT_CHLD_LEFTRESCARE_TRANSFERED,Children who left public residential care by reason: transferred to another institution (during the year)
PT_CHLD_LEFTRESCARE_DIED,Children who left public residential care by reason: died (during the year)
PT_CHLD_LEFTRESCARE_OTHER,Children who left public residential care by reason: other (during the year)
PT_CHLD_INCARE_FOSTER,Children in care of foster parents or guardians (at the end of the year)
PT_CHLD_REGISTERED_FOSTER,Number of registered foster families (at the end of the year)
PT_CHLD_ENTEREDFOSTER,Total number of children who entered foster care (during the year)
PT_CHLD_LEFTFOSTER,Total number of children who left foster care (during the year)
PT_CHLD_LEFTFOSTER_RETURNED,Children who left foster care by reason: were returned to their biological parents (during the year)
PT_CHLD_LEFTFOSTER_EDUINSTITUTION,Children who left foster care by reason: entered child care/educational institutions (during the year)
PT_CHLD_LEFTFOSTER_INDEPENDENT,Children who left foster care by reason for leaving: started independent life (during the year)
PT_CHLD_LEFTFOSTER_OTHER,Children who left foster care by reason: other (during the year)
PT_CHLD_LEFTFOSTER_INFAMILY,Children who left foster care by reason: placed into other foster family (during the year)
PT_CHLD_CARED_BY_FOSTER,Total number of children cared for by foster parents (at the end of the year)
PT_CHLD_DISAB_FOSTER,Number of children with disabilities in foster care (at the end of the year)
PT_CHLD_GUARDIAN,Total number of children who entered guardian care (during the year)
PT_CHLD_GUARDIAN_LEFT,Total number of children who left guardian care (during the year)
PT_CHLD_GUARDIAN_LEFT_RETURNED,Children who left guardian care by reason: returned to their biological parents (during the year)
PT_CHLD_GUARDIAN_LEFT_INSTITUTION,Children who left guardian care by reason: entered child care/educational institutions (during the year)
PT_CHLD_GUARDIAN_LEFT_INDEPENDET,Children who left guardian care by reason: started independent life (during the year)
PT_CHLD_GUARDIAN_LEFT_OTHER,Children who left guardian care by reason: other (during the year)
PT_CHLD_CARED_GUARDIAN,Total number of children cared for by guardians (at the end of the year)
PT_CHLD_DISAB_CARED_GUARDIAN,Number of children with disabilities in guardian care (at the end of the year)
PT_CHLD_ADOPTION,Total number of adoptions - including intercountry adoptions (during the year)
PT_CHLD_ADOPTION_DISAB,Number of adopted children with disabilities (during the year)
PT_CHLD_ADOPTION_INTERCOUNTRY,Total number of intercountry adoptions (during the year)
PT_CHLD_ADOPTION_INTER_COUNTRY_DISAB,Intercountry adoptions: number of adopted children with disabilities (during the year)
PT_CHLD_ADOPTION_AVAILABLE,Total number of children available for adoption (at the end of the year)
PT_CHLD_ADOPTION_AVAILABLE_DISAB,Number of children with disabilities available for adoption (at the end of the year)
JJ_CRIMERT,"Registered total crime rate (per 100,000 average population)"
JJ_JUV_CRIME,Registered number of crimes committed by or with participation of children/juveniles (during the year)
JJ_CHLD_CRIME,Total number of registered crimes committed against children (during the year)
JJ_CHLD_CRIME_PERSON,Registered crimes committed against children by type: against a person (as % of total crimes committed against children)
JJ_CHLD_CRIME_PROPERTY,Registered crimes committed against children by type: property crimes (as % of total crimes committed against children)
JJ_CHLD_CRIME_OTHER,Registered crimes committed against children by type: other crimes (as % of total crimes committed against children)
JJ_CHLD_POLICE,"Total number of children reported as being in contact with the police because of their own behaviour (during the year, by sex and age groups)"
JJ_CHLD_ARRESTED,"Total number of arrested children (during the year, by sex)"
JJ_CHLD_OFFENCE,"Total number of children charged with an offence - crimes (during the year, by sex)"
JJ_CHLD_OFFENCE_PERSON,Children charged with an offence (crimes) by type of offence: against a person (as % of total)
JJ_CHLD_OFFENCE_PROPERTY,Children charged with an offence (crimes) by type of offence: against a property (as % of total)
JJ_CHLD_OFFENCE_OTHER,Children charged with an offence (crimes) by type of offence: other type (as % of total)
JJ_CHLD_DETENTION,Total number of children who entered pre-sentence detention (during the year)
JJ_CHLD_VICTIM,"Total number of children as victims involved in criminal proceedings (during the year, by sex and age groups)"
JJ_CHLD_OFFENDER,"Total number of children as offenders involved in criminal proceedings (during the year, by sex and age groups)"
JJ_CHLD_CONVICTED,Total number of children convicted for criminal activity (during the year)
JJ_CHLD_CONVICTED_VIOLENT,Convicted children by type of crime: violent crimes (during the year)
JJ_CHLD_CONVICTED_PROPERTY,Convicted children by type of crime: property crimes (during the year)
JJ_CHLD_CONVICTED_OTHER,Convicted children by type of crime: other crimes (during the year)
JJ_CHLD_SENTENCE_PRISION,"Convicted juveniles by type of sentencing: committal to a closed facility (including prisons, penal colony) (during the year)"
JJ_CHLD_SENTENCE_CORRECTIONAL,Convicted juveniles by type of sentencing: placed in specialized educational/correctional institution (during the year)
JJ_CHLD_SENTENCE_PROBATION,Convicted juveniles by type of sentencing: supervision or probation order (during the year)
JJ_CHLD_SENTENCE_CUSTODIAL,Convicted juveniles by type of sentencing: suspended or conditional custodial sentence (during the year)
JJ_CHLD_SENTENCE_FINANCIAL,Convicted juveniles by type of sentencing: fine/financial compensation (during the year)
JJ_CHLD_SENTENCE_SERVICE,Convicted juveniles by type of sentencing: community service (during the year)
JJ_CHLD_SENTENCE_LABOUR,Convicted juveniles by type of sentencing: corrective labour (during the year)
JJ_CHLD_SENTENCE_OTHER,Convicted juveniles by type of sentencing: other (during the year)
JJ_CHLD_PRISION,Total number of children in a closed facility (by reason of their actual or suspected participation in criminal activity) (at the end of the year)
JJ_CHLD_PRETRIAL,"Total number of children in pre-trial facilities (at the end of the year, by sex)"
JJ_CHLD_PRISION_ADJUDICATION,"Total number of children in closed facilities following adjudication (at the end of the year, by sex)"
SP_TOT,Total Social Protection expenditure as % of GDP
SP_SOC_BEN_CASH,Expenditure on cash social benefits as % of GDP
SP_BEN_KIND,Expenditure on social benefits in kind as % of GDP
SP_BEN_FAMILY,Expenditure on social benefits under Family/Children function as % of GDP
SP_BEN_FAMILY_CASH,Expenditure on cash social benefits under Family/Children function as % of GDP
SP_BEN_FAMILY_KIND,Expenditure on social benefits in kind under Family/Children function as % of GDP
SP_MEANS_TESTED,Expenditure on means-tested social protection benefits as % of total social protection expenditure
SP_CASH_EXP,Expenditure on cash social benefits as % of total social protection expenditure
SP_KIND_EXP,Expenditure on social benefits in kind as % of total social protection expenditure
SP_BEN_FAMILY_EXP,Expenditure on social benefits under Family/Children function as % of total social protection expenditure
SP_KIND_FAMILY_KIND,Social benefits in kind under family/children function as % of total social benefits in kind
SP_FAMILY_ALLOW,Expenditure on Family allowances as % of total cash expenditure under family/children function
SP_IMCOME_MATERNITY,Expenditure on Income compensation during maternity as % of total cash expenditure under family/children function
SP_PARENTAL_LEAVE,Expenditure on Parental leave as % of total cash expenditure under family/children function
SP_BITRH_GRANT,Expenditure on Birth grant as % of total cash expenditure under family/children function
SP_OTHER_FAMILY,Expenditure on other family cash social benefits as % of total cash expenditure under family/children function
SP_ALLOW_CHILD,Total number of children receiving monthly family allowances
SP_ALLOW_MEANSTEST,Number of children receiving means-tested family allowances
SP_ALLOW_SINGLE,Number of children of single-parent families receiving specific allowances
SP_ALLOW_OTHER_CHILD,Number of children receiving other child allowances
SP_ALLOW_FOSGUARD,Number of children for whom foster/guardian allowance is received
SP_ALLOW_FAMILY,Total number of families receiving monthly family allowances
SP_ALLOW_FAMILY_SINGLE,Number of single-parent families receiving specific allowances
SP_ALLOW_FAMILY_OTHER_CHILD,Number of families receiving other child allowances
SP_ALLOW_FAMILY_FOSSINGLE,Total number of families receiving foster/guardian allowance
SP_PARLEAVE_DAYSAVG,Daily average number of parents on parental leave
SP_PENSIONER,Total number of pensioners
SP_PENSIONER_OLD,Total number of old age pensioners
SP_PENSIONER_DISAB,Total number of disability pensioners
SP_PENSIONER_DISAB_CHLD,Total number of children receiving pension for disability
SP_PENSIONER_DISAB_CHLDRT,Percentage of disability pensioners who are children
SP_PENSIONER_SURVIVOR,Total number of survivor's pensioners
SP_PENSION_ORPHAN,Total number of orphan's pensions or allowances
SP_PENSIONER_EARLY,Total number of early retirement pensioners
SP_PENSIONER_VETERAN,"Total number of veteran, merit and other pensioners"
SP_PENSION_VALUE,Average value of pensions (national currency)
SP_PENSION_VALUE_OLD,Average value of old age pensions (national currency)
SP_PENSION_VALUE_DISAB,Average value of disability pensions (national currency)
SP_PENSION_VALUE_DISAB_CHLD,Average value of disability pensions for children (national currency)
SP_PENSION_VALUE_SURVIVOR,Average value of survivors' pensions (national currency)
SP_PENSION_VALUE_ORPHAN,Average value of orphan's pensions or allowances (national currency)
SP_PENSION_VALUE_MIN,Average minimum pension (national currency)
DM_CHLDRT_DIV,"Rate of children affected by parental divorce (per 1,000 average population aged 0-17), 1989-2018"
DM_MRG_AGE,"Average age at first marriage (years), 1989-2018"
DM_POP_PROP,"Proportion of total population (%), 1989-2019"
FT_BRTS_AGE,Mean age of women at the birth of first child (years)
FT_BRTS_LIVERT_U20,Proportion of births to mothers under age 20 (as % of total live births)
FT_FRATE,Total fertility rate (number of children per woman aged 15-49)
FT_FRATE_AGE,"Age-specific fertility rate among younger than 20 year olds (live births per 1,000 women aged 15-19)"
FT_POP_ABRT,"Abortion rate per women population (legally induced abortions per 1,000 women, by age groups)"
JJ_CHLD_CRIMERT,"Registered rate of crimes committed against children (per 100,000 average population aged 0-17)"
JJ_CHLD_CRIME_PERPETRATOR,"Registered number of crimes committed against children (during the year, by age group of perpetrator)"
JJ_CHLD_SENTENCERT,"Children aged 14-17 years sentencing rate (per 100,000 average population)"
PT_CHLD_ADOPTION_INTERCOUNTRY_RATE,"Intercountry adoption rate (per 100,000 average population aged  0-3)"
PT_CHLD_ADOPTION_RATE,"Gross adoption rate (per 100,000 average population aged  0-3)"
PT_CHLD_CARED_BY_FOSTER_RATE,"Rate of children in foster parents care (at the end of the year, per 100,000 population aged 0-17)"
PT_CHLD_CARED_GUARDIAN_RATE,"Rate of children in guardian care (at the end of the year, per 100,000 population aged 0-17)"
PT_CHLD_INCARE_FOSTER_RATE,"Rate of children in care of foster parents or guardians (at the end of the year, per 100,000 population aged 0-17)"
PT_CHLD_INFORMALCARE_RATE,"Rate of children in formal care (at the end of the year, per 100,000 population aged 0-17)"
PT_CHLD_ININFANTHOME_RATE,"Rate of children in infant homes (at the end of the year, per 100,000 population aged 0-3)"
PT_CHLD_INRESIDENTIAL_RATE_A,"Rate of children in residential care (at the end of the year, per 100,000 population aged  0-17) - Includes persons aged 18 years old and over in some countries"
PT_CHLD_INRESIDENTIAL_RATE_B,"Rate of children in residential care (at the end of the year, per 100,000 population aged  0-17) - Excludes persons aged 18 years old and over when data is available"
PT_CHLD_NO_PARENTAL_CARE_RATE,"Rate of children left without parental care (during the year, per 100,000 average population aged 0-17)"
SP_MOTHLEAVE_DAYSAVG,Daily average number of women receiving maternity leave in the period
SP_WOM_BIRTHGRANT,Total number of women receiving birth grant in the year
